<?xml version="1.0" encoding="UTF-8"?>
<project-private xmlns="http://www.netbeans.org/ns/project-private/1">
    <editor-bookmarks xmlns="http://www.netbeans.org/ns/editor-bookmarks/2" lastBookmarkId="0"/>
    <open-files xmlns="http://www.netbeans.org/ns/projectui-open-files/2">
        <group>
            <file>file:/D:/HOME%20NO%20ELIMINAR/Documents/NetBeansProjects/POO_Recuperacion_U3_JsonPerrazoCamila/src/poo_recuperacion_u3_jsonperrazocamila/JsonManager.java</file>
            <file>file:/D:/HOME%20NO%20ELIMINAR/Documents/NetBeansProjects/POO_Recuperacion_U3_JsonPerrazoCamila/src/poo_recuperacion_u3_jsonperrazocamila/POO_Recuperacion_U3_JsonPerrazoCamila.java</file>
            <file>file:/D:/HOME%20NO%20ELIMINAR/Documents/NetBeansProjects/POO_Recuperacion_U3_JsonPerrazoCamila/src/poo_recuperacion_u3_jsonperrazocamila/Producto.java</file>
        </group>
    </open-files>
</project-private>
